Familia,Valor,Th_C,Lstrike_km,h_km,L_int_km,Lmax_km,Npatches,Tmean_above_C,Ares_km2,Vres_km3,Vres_m3,Pe_W,Pe_MW,"Pe_R (conservador,0.02)","Pe_R (realista,0.05)",Promedio,PeA_MW_km2
Profundidad,14,150,10,1,30,30,1,181.7730311,300,300,300000000000,2011864541,2011.864541,40.23729082,100.593227,70.41525893,6.706215136
Profundidad,14,150,15,1,30,30,1,181.7730311,450,450,450000000000,3017796811,3017.796811,60.35593622,150.8898406,105.6228884,6.706215136
Profundidad,14,150,20,1,30,30,1,181.7730311,600,600,600000000000,4023729082,4023.729082,80.47458163,201.1864541,140.8305179,6.706215136
Profundidad,14,150,10,0.5,30,30,1,181.7730311,300,150,150000000000,1005932270,1005.93227,20.11864541,50.29661352,35.20762946,3.353107568
Profundidad,14,150,15,0.5,30,30,1,181.7730311,450,225,225000000000,1508898406,1508.898406,30.17796811,75.44492028,52.81144419,3.353107568
Profundidad,14,150,20,0.5,30,30,1,181.7730311,600,300,300000000000,2011864541,2011.864541,40.23729082,100.593227,70.41525893,3.353107568
Profundidad,10,180,10,1,30,30,1,183.2186473,300,300,300000000000,2058128584,2058.128584,41.16257169,102.9064292,72.03450045,6.860428614
Profundidad,10,180,15,1,30,30,1,183.2186473,450,450,450000000000,3087192876,3087.192876,61.74385753,154.3596438,108.0517507,6.860428614
Profundidad,10,180,20,1,30,30,1,183.2186473,600,600,600000000000,4116257169,4116.257169,82.32514337,205.8128584,144.0690009,6.860428614
Profundidad,10,180,10,0.5,30,30,1,183.2186473,300,150,150000000000,1029064292,1029.064292,20.58128584,51.45321461,36.01725023,3.430214307
Profundidad,10,180,15,0.5,30,30,1,183.2186473,450,225,225000000000,1543596438,1543.596438,30.87192876,77.17982191,54.02587534,3.430214307
Profundidad,10,180,20,0.5,30,30,1,183.2186473,600,300,300000000000,2058128584,2058.128584,41.16257169,102.9064292,72.03450045,3.430214307
Profundidad,12,150,10,1,30,30,1,182.2311206,300,300,300000000000,2026471154,2026.471154,40.52942308,101.3235577,70.92649039,6.754903846
Profundidad,12,150,15,1,30,30,1,182.2311206,450,450,450000000000,3039706731,3039.706731,60.79413462,151.9853365,106.3897356,6.754903846
Profundidad,12,150,20,1,30,30,1,182.2311206,600,600,600000000000,4052942308,4052.942308,81.05884616,202.6471154,141.8529808,6.754903846
Profundidad,12,150,10,0.5,30,30,1,182.2311206,300,150,150000000000,1013235577,1013.235577,20.26471154,50.66177885,35.46324519,3.377451923
Profundidad,12,150,15,0.5,30,30,1,182.2311206,450,225,225000000000,1519853365,1519.853365,30.39706731,75.99266827,53.19486779,3.377451923
Profundidad,12,150,20,0.5,30,30,1,182.2311206,600,300,300000000000,2026471154,2026.471154,40.52942308,101.3235577,70.92649039,3.377451923
Profundidad,10,150,10,1,30,30,1,183.2186473,300,300,300000000000,2058128584,2058.128584,41.16257169,102.9064292,72.03450045,6.860428614
Profundidad,10,150,15,1,30,30,1,183.2186473,450,450,450000000000,3087192876,3087.192876,61.74385753,154.3596438,108.0517507,6.860428614
Profundidad,10,150,20,1,30,30,1,183.2186473,600,600,600000000000,4116257169,4116.257169,82.32514337,205.8128584,144.0690009,6.860428614
Profundidad,10,150,10,0.5,30,30,1,183.2186473,300,150,150000000000,1029064292,1029.064292,20.58128584,51.45321461,36.01725023,3.430214307
Profundidad,10,150,15,0.5,30,30,1,183.2186473,450,225,225000000000,1543596438,1543.596438,30.87192876,77.17982191,54.02587534,3.430214307
Profundidad,10,150,20,0.5,30,30,1,183.2186473,600,300,300000000000,2058128584,2058.128584,41.16257169,102.9064292,72.03450045,3.430214307
Profundidad,12,180,10,1,30,30,1,182.2311206,300,300,300000000000,2026471154,2026.471154,40.52942308,101.3235577,70.92649039,6.754903846
Profundidad,12,180,15,1,30,30,1,182.2311206,450,450,450000000000,3039706731,3039.706731,60.79413462,151.9853365,106.3897356,6.754903846
Profundidad,12,180,20,1,30,30,1,182.2311206,600,600,600000000000,4052942308,4052.942308,81.05884616,202.6471154,141.8529808,6.754903846
Profundidad,12,180,10,0.5,30,30,1,182.2311206,300,150,150000000000,1013235577,1013.235577,20.26471154,50.66177885,35.46324519,3.377451923
Profundidad,12,180,15,0.5,30,30,1,182.2311206,450,225,225000000000,1519853365,1519.853365,30.39706731,75.99266827,53.19486779,3.377451923
Profundidad,12,180,20,0.5,30,30,1,182.2311206,600,300,300000000000,2026471154,2026.471154,40.52942308,101.3235577,70.92649039,3.377451923
Profundidad,2.5,150,10,1,30,30,1,184.9302476,300,300,300000000000,2113545458,2113.545458,42.27090915,105.6772729,73.97409102,7.045151526
Profundidad,2.5,150,15,1,30,30,1,184.9302476,450,450,450000000000,3170318187,3170.318187,63.40636373,158.5159093,110.9611365,7.045151526
Profundidad,2.5,150,20,1,30,30,1,184.9302476,600,600,600000000000,4227090915,4227.090915,84.54181831,211.3545458,147.948182,7.045151526
Profundidad,2.5,150,10,0.5,30,30,1,184.9302476,300,150,150000000000,1056772729,1056.772729,21.13545458,52.83863644,36.98704551,3.522575763
Profundidad,2.5,150,15,0.5,30,30,1,184.9302476,450,225,225000000000,1585159093,1585.159093,31.70318187,79.25795466,55.48056826,3.522575763
Profundidad,2.5,150,20,0.5,30,30,1,184.9302476,600,300,300000000000,2113545458,2113.545458,42.27090915,105.6772729,73.97409102,3.522575763
Profundidad,8,150,15,1,30,30,1,185.9045993,450,450,450000000000,3218103706,3218.103706,64.36207413,160.9051853,112.6336297,7.15134157
Profundidad,8,150,10,1,30,30,1,185.9045993,300,300,300000000000,2145402471,2145.402471,42.90804942,107.2701235,75.08908648,7.15134157
Profundidad,8,150,20,1,30,30,1,185.9045993,600,600,600000000000,4290804942,4290.804942,85.81609884,214.5402471,150.178173,7.15134157
Profundidad,8,150,10,0.5,30,30,1,185.9045993,300,150,150000000000,1072701235,1072.701235,21.45402471,53.63506177,37.54454324,3.575670785
Profundidad,8,150,15,0.5,30,30,1,185.9045993,450,225,225000000000,1609051853,1609.051853,32.18103706,80.45259266,56.31681486,3.575670785
Profundidad,8,150,20,0.5,30,30,1,185.9045993,600,300,300000000000,2145402471,2145.402471,42.90804942,107.2701235,75.08908648,3.575670785
Profundidad,14,180,10,1,30,30,1,181.7730311,300,300,300000000000,2011864541,2011.864541,40.23729082,100.593227,70.41525893,6.706215136
Profundidad,14,180,15,1,30,30,1,181.7730311,450,450,450000000000,3017796811,3017.796811,60.35593622,150.8898406,105.6228884,6.706215136
Profundidad,14,180,20,1,30,30,1,181.7730311,600,600,600000000000,4023729082,4023.729082,80.47458163,201.1864541,140.8305179,6.706215136
Profundidad,14,180,10,0.5,30,30,1,181.7730311,300,150,150000000000,1005932270,1005.93227,20.11864541,50.29661352,35.20762946,3.353107568
Profundidad,14,180,15,0.5,30,30,1,181.7730311,450,225,225000000000,1508898406,1508.898406,30.17796811,75.44492028,52.81144419,3.353107568
Profundidad,14,180,20,0.5,30,30,1,181.7730311,600,300,300000000000,2011864541,2011.864541,40.23729082,100.593227,70.41525893,3.353107568
Profundidad,4,150,10,1,30,30,1,186.4898803,300,300,300000000000,2164646788,2164.646788,43.29293576,108.2323394,75.76263759,7.215489294
Profundidad,4,150,15,1,30,30,1,186.4898803,450,450,450000000000,3246970182,3246.970182,64.93940365,162.3485091,113.6439564,7.215489294
Profundidad,4,150,20,1,30,30,1,186.4898803,600,600,600000000000,4329293576,4329.293576,86.58587153,216.4646788,151.5252752,7.215489294
Profundidad,4,150,10,0.5,30,30,1,186.4898803,300,150,150000000000,1082323394,1082.323394,21.64646788,54.11616971,37.88131879,3.607744647
Profundidad,4,150,15,0.5,30,30,1,186.4898803,450,225,225000000000,1623485091,1623.485091,32.46970182,81.17425456,56.82197819,3.607744647
Profundidad,4,150,20,0.5,30,30,1,186.4898803,600,300,300000000000,2164646788,2164.646788,43.29293576,108.2323394,75.76263759,3.607744647
Profundidad,2,150,10,1,27.8906,13.9453,2,187.3637111,278.906,278.906,278906000000,2039295489,2039.295489,40.78590979,101.9647745,71.37534213,7.311766292
Profundidad,2,150,15,1,27.8906,13.9453,2,187.3637111,418.359,418.359,418359000000,3058943234,3058.943234,61.17886468,152.9471617,107.0630132,7.311766292
Profundidad,2,150,20,1,27.8906,13.9453,2,187.3637111,557.812,557.812,557812000000,4078590979,4078.590979,81.57181957,203.9295489,142.7506843,7.311766292
Profundidad,2,150,10,0.5,27.8906,13.9453,2,187.3637111,278.906,139.453,139453000000,1019647745,1019.647745,20.39295489,50.98238723,35.68767106,3.655883146
Profundidad,2,150,15,0.5,27.8906,13.9453,2,187.3637111,418.359,209.1795,209179500000,1529471617,1529.471617,30.58943234,76.47358085,53.53150659,3.655883146
Profundidad,2,150,20,0.5,27.8906,13.9453,2,187.3637111,557.812,278.906,278906000000,2039295489,2039.295489,40.78590979,101.9647745,71.37534213,3.655883146
Profundidad,2,180,10,1,23.2032,11.6016,2,191.8569056,232.032,232.032,232032000000,1813642384,1813.642384,36.27284768,90.68211919,63.47748343,7.816345952
Profundidad,2,180,15,1,23.2032,11.6016,2,191.8569056,348.048,348.048,348048000000,2720463576,2720.463576,54.40927151,136.0231788,95.21622515,7.816345952
Profundidad,2,180,20,1,23.2032,11.6016,2,191.8569056,464.064,464.064,464064000000,3627284768,3627.284768,72.54569535,181.3642384,126.9549669,7.816345952
Profundidad,2,180,10,0.5,23.2032,11.6016,2,191.8569056,232.032,116.016,116016000000,906821191.9,906.8211919,18.13642384,45.3410596,31.73874172,3.908172976
Profundidad,2,180,15,0.5,23.2032,11.6016,2,191.8569056,348.048,174.024,174024000000,1360231788,1360.231788,27.20463576,68.01158939,47.60811258,3.908172976
Profundidad,2,180,20,0.5,23.2032,11.6016,2,191.8569056,464.064,232.032,232032000000,1813642384,1813.642384,36.27284768,90.68211919,63.47748343,3.908172976
Profundidad,6,150,10,1,30,30,1,188.325962,300,300,300000000000,2225544995,2225.544995,44.5108999,111.2772498,77.89407483,7.418483317
Profundidad,6,150,15,1,30,30,1,188.325962,450,450,450000000000,3338317493,3338.317493,66.76634985,166.9158746,116.8411122,7.418483317
Profundidad,6,150,20,1,30,30,1,188.325962,600,600,600000000000,4451089990,4451.08999,89.0217998,222.5544995,155.7881497,7.418483317
Profundidad,6,150,10,0.5,30,30,1,188.325962,300,150,150000000000,1112772498,1112.772498,22.25544995,55.63862488,38.94703741,3.709241658
Profundidad,6,150,15,0.5,30,30,1,188.325962,450,225,225000000000,1669158746,1669.158746,33.38317493,83.45793731,58.42055612,3.709241658
Profundidad,6,150,20,0.5,30,30,1,188.325962,600,300,300000000000,2225544995,2225.544995,44.5108999,111.2772498,77.89407483,3.709241658
Profundidad,10,200,10,0.5,0,0,0,,0,0,0,0,0,0,0,0,0
Profundidad,10,200,10,1,0,0,0,,0,0,0,0,0,0,0,0,0
Profundidad,10,200,15,0.5,0,0,0,,0,0,0,0,0,0,0,0,0
Profundidad,10,200,15,1,0,0,0,,0,0,0,0,0,0,0,0,0
Profundidad,10,200,20,0.5,0,0,0,,0,0,0,0,0,0,0,0,0
Profundidad,10,200,20,1,0,0,0,,0,0,0,0,0,0,0,0,0
Profundidad,2.5,180,10,1,22.9688,11.4844,2,190.8419297,229.688,229.688,229688000000,1768820551,1768.820551,35.37641102,88.44102756,61.90871929,7.70097067
Profundidad,2.5,180,15,1,22.9688,11.4844,2,190.8419297,344.532,344.532,344532000000,2653230827,2653.230827,53.06461653,132.6615413,92.86307894,7.70097067
Profundidad,2.5,180,20,1,22.9688,11.4844,2,190.8419297,459.376,459.376,459376000000,3537641102,3537.641102,70.75282205,176.8820551,123.8174386,7.70097067
Profundidad,2.5,180,10,0.5,22.9688,11.4844,2,190.8419297,229.688,114.844,114844000000,884410275.6,884.4102756,17.68820551,44.22051378,30.95435965,3.850485335
Profundidad,2.5,180,15,0.5,22.9688,11.4844,2,190.8419297,344.532,172.266,172266000000,1326615413,1326.615413,26.53230827,66.33077067,46.43153947,3.850485335
Profundidad,2.5,180,20,0.5,22.9688,11.4844,2,190.8419297,459.376,229.688,229688000000,1768820551,1768.820551,35.37641102,88.44102756,61.90871929,3.850485335
Profundidad,12,200,10,0.5,0,0,0,,0,0,0,0,0,0,0,0,0
Profundidad,12,200,10,1,0,0,0,,0,0,0,0,0,0,0,0,0
Profundidad,12,200,15,0.5,0,0,0,,0,0,0,0,0,0,0,0,0
Profundidad,12,200,15,1,0,0,0,,0,0,0,0,0,0,0,0,0
Profundidad,12,200,20,0.5,0,0,0,,0,0,0,0,0,0,0,0,0
Profundidad,12,200,20,1,0,0,0,,0,0,0,0,0,0,0,0,0
Profundidad,14,200,10,0.5,0,0,0,,0,0,0,0,0,0,0,0,0
Profundidad,14,200,10,1,0,0,0,,0,0,0,0,0,0,0,0,0
Profundidad,14,200,15,0.5,0,0,0,,0,0,0,0,0,0,0,0,0
Profundidad,14,200,15,1,0,0,0,,0,0,0,0,0,0,0,0,0
Profundidad,14,200,20,0.5,0,0,0,,0,0,0,0,0,0,0,0,0
Profundidad,14,200,20,1,0,0,0,,0,0,0,0,0,0,0,0,0
Profundidad,4,180,10,1,24.4922,12.3047,2,188.7924729,244.922,244.922,244922000000,1829685974,1829.685974,36.59371948,91.48429869,64.03900908,7.470484374
Profundidad,4,180,15,1,24.4922,12.3047,2,188.7924729,367.383,367.383,367383000000,2744528961,2744.528961,54.89057921,137.226448,96.05851362,7.470484374
Profundidad,4,180,20,1,24.4922,12.3047,2,188.7924729,489.844,489.844,489844000000,3659371948,3659.371948,73.18743895,182.9685974,128.0780182,7.470484374
Profundidad,4,180,10,0.5,24.4922,12.3047,2,188.7924729,244.922,122.461,122461000000,914842986.9,914.8429869,18.29685974,45.74214934,32.01950454,3.735242187
Profundidad,4,180,15,0.5,24.4922,12.3047,2,188.7924729,367.383,183.6915,183691500000,1372264480,1372.26448,27.44528961,68.61322402,48.02925681,3.735242187
Profundidad,4,180,20,0.5,24.4922,12.3047,2,188.7924729,489.844,244.922,244922000000,1829685974,1829.685974,36.59371948,91.48429869,64.03900908,3.735242187
Profundidad,2,200,10,0.5,0,0,0,,0,0,0,0,0,0,0,0,0
Profundidad,2,200,10,1,0,0,0,,0,0,0,0,0,0,0,0,0
Profundidad,2,200,15,0.5,0,0,0,,0,0,0,0,0,0,0,0,0
Profundidad,2,200,15,1,0,0,0,,0,0,0,0,0,0,0,0,0
Profundidad,2,200,20,0.5,0,0,0,,0,0,0,0,0,0,0,0,0
Profundidad,2,200,20,1,0,0,0,,0,0,0,0,0,0,0,0,0
Profundidad,2.5,200,10,0.5,0,0,0,,0,0,0,0,0,0,0,0,0
Profundidad,2.5,200,10,1,0,0,0,,0,0,0,0,0,0,0,0,0
Profundidad,2.5,200,15,0.5,0,0,0,,0,0,0,0,0,0,0,0,0
Profundidad,2.5,200,15,1,0,0,0,,0,0,0,0,0,0,0,0,0
Profundidad,2.5,200,20,0.5,0,0,0,,0,0,0,0,0,0,0,0,0
Profundidad,2.5,200,20,1,0,0,0,,0,0,0,0,0,0,0,0,0
Profundidad,6,180,10,1,30,30,1,188.325962,300,300,300000000000,2225544995,2225.544995,44.5108999,111.2772498,77.89407483,7.418483317
Profundidad,6,180,15,1,30,30,1,188.325962,450,450,450000000000,3338317493,3338.317493,66.76634985,166.9158746,116.8411122,7.418483317
Profundidad,6,180,20,1,30,30,1,188.325962,600,600,600000000000,4451089990,4451.08999,89.0217998,222.5544995,155.7881497,7.418483317
Profundidad,6,180,10,0.5,30,30,1,188.325962,300,150,150000000000,1112772498,1112.772498,22.25544995,55.63862488,38.94703741,3.709241658
Profundidad,6,180,15,0.5,30,30,1,188.325962,450,225,225000000000,1669158746,1669.158746,33.38317493,83.45793731,58.42055612,3.709241658
Profundidad,6,180,20,0.5,30,30,1,188.325962,600,300,300000000000,2225544995,2225.544995,44.5108999,111.2772498,77.89407483,3.709241658
Profundidad,4,200,10,0.5,0,0,0,,0,0,0,0,0,0,0,0,0
Profundidad,4,200,10,1,0,0,0,,0,0,0,0,0,0,0,0,0
Profundidad,4,200,15,0.5,0,0,0,,0,0,0,0,0,0,0,0,0
Profundidad,4,200,15,1,0,0,0,,0,0,0,0,0,0,0,0,0
Profundidad,4,200,20,0.5,0,0,0,,0,0,0,0,0,0,0,0,0
Profundidad,4,200,20,1,0,0,0,,0,0,0,0,0,0,0,0,0
Profundidad,6,200,10,0.5,0,0,0,,0,0,0,0,0,0,0,0,0
Profundidad,6,200,10,1,0,0,0,,0,0,0,0,0,0,0,0,0
Profundidad,6,200,15,0.5,0,0,0,,0,0,0,0,0,0,0,0,0
Profundidad,6,200,15,1,0,0,0,,0,0,0,0,0,0,0,0,0
Profundidad,6,200,20,0.5,0,0,0,,0,0,0,0,0,0,0,0,0
Profundidad,6,200,20,1,0,0,0,,0,0,0,0,0,0,0,0,0
Profundidad,8,180,15,1,30,30,1,185.9045993,450,450,450000000000,3218103706,3218.103706,64.36207413,160.9051853,112.6336297,7.15134157
Profundidad,8,180,10,1,30,30,1,185.9045993,300,300,300000000000,2145402471,2145.402471,42.90804942,107.2701235,75.08908648,7.15134157
Profundidad,8,180,20,1,30,30,1,185.9045993,600,600,600000000000,4290804942,4290.804942,85.81609884,214.5402471,150.178173,7.15134157
Profundidad,8,180,10,0.5,30,30,1,185.9045993,300,150,150000000000,1072701235,1072.701235,21.45402471,53.63506177,37.54454324,3.575670785
Profundidad,8,180,15,0.5,30,30,1,185.9045993,450,225,225000000000,1609051853,1609.051853,32.18103706,80.45259266,56.31681486,3.575670785
Profundidad,8,180,20,0.5,30,30,1,185.9045993,600,300,300000000000,2145402471,2145.402471,42.90804942,107.2701235,75.08908648,3.575670785
Profundidad,8,200,10,0.5,0,0,0,,0,0,0,0,0,0,0,0,0
Profundidad,8,200,10,1,0,0,0,,0,0,0,0,0,0,0,0,0
Profundidad,8,200,15,0.5,0,0,0,,0,0,0,0,0,0,0,0,0
Profundidad,8,200,15,1,0,0,0,,0,0,0,0,0,0,0,0,0
Profundidad,8,200,20,0.5,0,0,0,,0,0,0,0,0,0,0,0,0
Profundidad,8,200,20,1,0,0,0,,0,0,0,0,0,0,0,0,0
Pulso,70,150,10,1,30,30,1,189.1520166,300,300,300000000000,2253203807,2253.203807,45.06407614,112.6601904,78.86213325,7.510679357
Pulso,70,150,15,1,30,30,1,189.1520166,450,450,450000000000,3379805711,3379.805711,67.59611421,168.9902855,118.2931999,7.510679357
Pulso,70,150,20,1,30,30,1,189.1520166,600,600,600000000000,4506407614,4506.407614,90.12815228,225.3203807,157.7242665,7.510679357
Pulso,70,150,10,0.5,30,30,1,189.1520166,300,150,150000000000,1126601904,1126.601904,22.53203807,56.33009518,39.43106662,3.755339678
Pulso,70,150,15,0.5,30,30,1,189.1520166,450,225,225000000000,1689902855,1689.902855,33.79805711,84.49514276,59.14659993,3.755339678
Pulso,70,150,20,0.5,30,30,1,189.1520166,600,300,300000000000,2253203807,2253.203807,45.06407614,112.6601904,78.86213325,3.755339678
Pulso,70,180,10,1,30,30,1,189.1520166,300,300,300000000000,2253203807,2253.203807,45.06407614,112.6601904,78.86213325,7.510679357
Pulso,70,180,15,1,30,30,1,189.1520166,450,450,450000000000,3379805711,3379.805711,67.59611421,168.9902855,118.2931999,7.510679357
Pulso,70,180,20,1,30,30,1,189.1520166,600,600,600000000000,4506407614,4506.407614,90.12815228,225.3203807,157.7242665,7.510679357
Pulso,70,180,10,0.5,30,30,1,189.1520166,300,150,150000000000,1126601904,1126.601904,22.53203807,56.33009518,39.43106662,3.755339678
Pulso,70,180,15,0.5,30,30,1,189.1520166,450,225,225000000000,1689902855,1689.902855,33.79805711,84.49514276,59.14659993,3.755339678
Pulso,70,180,20,0.5,30,30,1,189.1520166,600,300,300000000000,2253203807,2253.203807,45.06407614,112.6601904,78.86213325,3.755339678
Pulso,100,150,10,1,30,30,1,191.6901811,300,300,300000000000,2339201403,2339.201403,46.78402807,116.9600702,81.87204912,7.797338011
Pulso,100,150,15,1,30,30,1,191.6901811,450,450,450000000000,3508802105,3508.802105,70.1760421,175.4401053,122.8080737,7.797338011
Pulso,100,150,20,1,30,30,1,191.6901811,600,600,600000000000,4678402807,4678.402807,93.56805614,233.9201403,163.7440982,7.797338011
Pulso,100,150,10,0.5,30,30,1,191.6901811,300,150,150000000000,1169600702,1169.600702,23.39201403,58.48003509,40.93602456,3.898669006
Pulso,100,150,15,0.5,30,30,1,191.6901811,450,225,225000000000,1754401053,1754.401053,35.08802105,87.72005263,61.40403684,3.898669006
Pulso,100,150,20,0.5,30,30,1,191.6901811,600,300,300000000000,2339201403,2339.201403,46.78402807,116.9600702,81.87204912,3.898669006
Pulso,150,150,10,1,30,30,1,197.6764977,300,300,300000000000,2548077400,2548.0774,50.961548,127.40387,89.18270901,8.493591334
Pulso,150,150,15,1,30,30,1,197.6764977,450,450,450000000000,3822116100,3822.1161,76.44232201,191.105805,133.7740635,8.493591334
Pulso,150,150,20,1,30,30,1,197.6764977,600,600,600000000000,5096154800,5096.1548,101.923096,254.80774,178.365418,8.493591334
Pulso,150,150,10,0.5,30,30,1,197.6764977,300,150,150000000000,1274038700,1274.0387,25.480774,63.70193501,44.5913545,4.246795667
Pulso,150,150,15,0.5,30,30,1,197.6764977,450,225,225000000000,1911058050,1911.05805,38.221161,95.55290251,66.88703176,4.246795667
Pulso,150,150,20,0.5,30,30,1,197.6764977,600,300,300000000000,2548077400,2548.0774,50.961548,127.40387,89.18270901,4.246795667
Pulso,100,180,10,1,30,30,1,191.6901811,300,300,300000000000,2339201403,2339.201403,46.78402807,116.9600702,81.87204912,7.797338011
Pulso,100,180,15,1,30,30,1,191.6901811,450,450,450000000000,3508802105,3508.802105,70.1760421,175.4401053,122.8080737,7.797338011
Pulso,100,180,20,1,30,30,1,191.6901811,600,600,600000000000,4678402807,4678.402807,93.56805614,233.9201403,163.7440982,7.797338011
Pulso,100,180,10,0.5,30,30,1,191.6901811,300,150,150000000000,1169600702,1169.600702,23.39201403,58.48003509,40.93602456,3.898669006
Pulso,100,180,15,0.5,30,30,1,191.6901811,450,225,225000000000,1754401053,1754.401053,35.08802105,87.72005263,61.40403684,3.898669006
Pulso,100,180,20,0.5,30,30,1,191.6901811,600,300,300000000000,2339201403,2339.201403,46.78402807,116.9600702,81.87204912,3.898669006
Pulso,200,150,10,1,30,30,1,201.1808755,300,300,300000000000,2674295287,2674.295287,53.48590573,133.7147643,93.60033504,8.914317622
Pulso,200,150,15,1,30,30,1,201.1808755,450,450,450000000000,4011442930,4011.44293,80.2288586,200.5721465,140.4005026,8.914317622
Pulso,200,150,20,1,30,30,1,201.1808755,600,600,600000000000,5348590573,5348.590573,106.9718115,267.4295287,187.2006701,8.914317622
Pulso,200,150,10,0.5,30,30,1,201.1808755,300,150,150000000000,1337147643,1337.147643,26.74295287,66.85738217,46.80016752,4.457158811
Pulso,200,150,15,0.5,30,30,1,201.1808755,450,225,225000000000,2005721465,2005.721465,40.1144293,100.2860733,70.20025128,4.457158811
Pulso,200,150,20,0.5,30,30,1,201.1808755,600,300,300000000000,2674295287,2674.295287,53.48590573,133.7147643,93.60033504,4.457158811
Pulso,250,200,10,1,14.2968,14.2968,1,213.9412412,142.968,142.968,142968000000,1505209444,1505.209444,30.10418887,75.26047218,52.68233052,10.52829615
Pulso,250,200,15,1,14.2968,14.2968,1,213.9412412,214.452,214.452,214452000000,2257814165,2257.814165,45.15628331,112.8907083,79.02349578,10.52829615
Pulso,250,200,20,1,14.2968,14.2968,1,213.9412412,285.936,285.936,285936000000,3010418887,3010.418887,60.20837774,150.5209444,105.364661,10.52829615
Pulso,200,200,10,1,12.6562,12.6562,1,213.7628882,126.562,126.562,126562000000,1329514922,1329.514922,26.59029843,66.47574609,46.53302226,10.50485076
Pulso,200,200,15,1,12.6562,12.6562,1,213.7628882,189.843,189.843,189843000000,1994272383,1994.272383,39.88544765,99.71361913,69.79953339,10.50485076
Pulso,200,200,20,1,12.6562,12.6562,1,213.7628882,253.124,253.124,253124000000,2659029843,2659.029843,53.18059687,132.9514922,93.06604452,10.50485076
Pulso,150,180,10,1,30,30,1,197.6764977,300,300,300000000000,2548077400,2548.0774,50.961548,127.40387,89.18270901,8.493591334
Pulso,150,180,15,1,30,30,1,197.6764977,450,450,450000000000,3822116100,3822.1161,76.44232201,191.105805,133.7740635,8.493591334
Pulso,150,180,20,1,30,30,1,197.6764977,600,600,600000000000,5096154800,5096.1548,101.923096,254.80774,178.365418,8.493591334
Pulso,150,180,10,0.5,30,30,1,197.6764977,300,150,150000000000,1274038700,1274.0387,25.480774,63.70193501,44.5913545,4.246795667
Pulso,150,180,15,0.5,30,30,1,197.6764977,450,225,225000000000,1911058050,1911.05805,38.221161,95.55290251,66.88703176,4.246795667
Pulso,150,180,20,0.5,30,30,1,197.6764977,600,300,300000000000,2548077400,2548.0774,50.961548,127.40387,89.18270901,4.246795667
Pulso,250,150,10,1,30,30,1,202.702938,300,300,300000000000,2730022568,2730.022568,54.60045136,136.5011284,95.55078987,9.100075226
Pulso,250,150,15,1,30,30,1,202.702938,450,450,450000000000,4095033852,4095.033852,81.90067704,204.7516926,143.3261848,9.100075226
Pulso,250,150,20,1,30,30,1,202.702938,600,600,600000000000,5460045136,5460.045136,109.2009027,273.0022568,191.1015797,9.100075226
Pulso,250,150,10,0.5,30,30,1,202.702938,300,150,150000000000,1365011284,1365.011284,27.30022568,68.2505642,47.77539494,4.550037613
Pulso,250,150,15,0.5,30,30,1,202.702938,450,225,225000000000,2047516926,2047.516926,40.95033852,102.3758463,71.66309241,4.550037613
Pulso,250,150,20,0.5,30,30,1,202.702938,600,300,300000000000,2730022568,2730.022568,54.60045136,136.5011284,95.55078987,4.550037613
Pulso,150,200,15,1,9.8438,9.8438,1,210.2701907,147.657,147.657,147657000000,1484068647,1484.068647,29.68137294,74.20343236,51.94240265,10.05078423
Pulso,150,200,10,1,9.8438,9.8438,1,210.2701907,98.438,98.438,98438000000,989379098.1,989.3790981,19.78758196,49.46895491,34.62826844,10.05078423
Pulso,150,200,20,1,9.8438,9.8438,1,210.2701907,196.876,196.876,196876000000,1978758196,1978.758196,39.57516393,98.93790981,69.25653687,10.05078423
Pulso,250,200,10,0.5,14.2968,14.2968,1,213.9412412,142.968,71.484,71484000000,752604721.8,752.6047218,15.05209444,37.63023609,26.34116526,5.264148073
Pulso,250,200,15,0.5,14.2968,14.2968,1,213.9412412,214.452,107.226,107226000000,1128907083,1128.907083,22.57814165,56.44535413,39.51174789,5.264148073
Pulso,250,200,20,0.5,14.2968,14.2968,1,213.9412412,285.936,142.968,142968000000,1505209444,1505.209444,30.10418887,75.26047218,52.68233052,5.264148073
Pulso,200,180,10,1,30,30,1,201.1808755,300,300,300000000000,2674295287,2674.295287,53.48590573,133.7147643,93.60033504,8.914317622
Pulso,200,180,15,1,30,30,1,201.1808755,450,450,450000000000,4011442930,4011.44293,80.2288586,200.5721465,140.4005026,8.914317622
Pulso,200,180,20,1,30,30,1,201.1808755,600,600,600000000000,5348590573,5348.590573,106.9718115,267.4295287,187.2006701,8.914317622
Pulso,200,180,10,0.5,30,30,1,201.1808755,300,150,150000000000,1337147643,1337.147643,26.74295287,66.85738217,46.80016752,4.457158811
Pulso,200,180,15,0.5,30,30,1,201.1808755,450,225,225000000000,2005721465,2005.721465,40.1144293,100.2860733,70.20025128,4.457158811
Pulso,200,180,20,0.5,30,30,1,201.1808755,600,300,300000000000,2674295287,2674.295287,53.48590573,133.7147643,93.60033504,4.457158811
Pulso,200,200,10,0.5,12.6562,12.6562,1,213.7628882,126.562,63.281,63281000000,664757460.9,664.7574609,13.29514922,33.23787304,23.26651113,5.252425379
Pulso,200,200,15,0.5,12.6562,12.6562,1,213.7628882,189.843,94.9215,94921500000,997136191.3,997.1361913,19.94272383,49.85680956,34.89976669,5.252425379
Pulso,200,200,20,0.5,12.6562,12.6562,1,213.7628882,253.124,126.562,126562000000,1329514922,1329.514922,26.59029843,66.47574609,46.53302226,5.252425379
Pulso,150,200,15,0.5,9.8438,9.8438,1,210.2701907,147.657,73.8285,73828500000,742034323.6,742.0343236,14.84068647,37.10171618,25.97120133,5.025392116
Pulso,150,200,10,0.5,9.8438,9.8438,1,210.2701907,98.438,49.219,49219000000,494689549.1,494.6895491,9.893790981,24.73447745,17.31413422,5.025392116
Pulso,150,200,20,0.5,9.8438,9.8438,1,210.2701907,196.876,98.438,98438000000,989379098.1,989.3790981,19.78758196,49.46895491,34.62826844,5.025392116
Pulso,70,200,10,0.5,0,0,0,,0,0,0,0,0,0,0,0,0
Pulso,70,200,10,1,0,0,0,,0,0,0,0,0,0,0,0,0
Pulso,70,200,15,0.5,0,0,0,,0,0,0,0,0,0,0,0,0
Pulso,70,200,15,1,0,0,0,,0,0,0,0,0,0,0,0,0
Pulso,70,200,20,0.5,0,0,0,,0,0,0,0,0,0,0,0,0
Pulso,70,200,20,1,0,0,0,,0,0,0,0,0,0,0,0,0
Pulso,250,180,10,1,30,30,1,202.702938,300,300,300000000000,2730022568,2730.022568,54.60045136,136.5011284,95.55078987,9.100075226
Pulso,250,180,15,1,30,30,1,202.702938,450,450,450000000000,4095033852,4095.033852,81.90067704,204.7516926,143.3261848,9.100075226
Pulso,250,180,20,1,30,30,1,202.702938,600,600,600000000000,5460045136,5460.045136,109.2009027,273.0022568,191.1015797,9.100075226
Pulso,250,180,10,0.5,30,30,1,202.702938,300,150,150000000000,1365011284,1365.011284,27.30022568,68.2505642,47.77539494,4.550037613
Pulso,250,180,15,0.5,30,30,1,202.702938,450,225,225000000000,2047516926,2047.516926,40.95033852,102.3758463,71.66309241,4.550037613
Pulso,250,180,20,0.5,30,30,1,202.702938,600,300,300000000000,2730022568,2730.022568,54.60045136,136.5011284,95.55078987,4.550037613
Pulso,100,200,10,0.5,0,0,0,,0,0,0,0,0,0,0,0,0
Pulso,100,200,10,1,0,0,0,,0,0,0,0,0,0,0,0,0
Pulso,100,200,15,0.5,0,0,0,,0,0,0,0,0,0,0,0,0
Pulso,100,200,15,1,0,0,0,,0,0,0,0,0,0,0,0,0
Pulso,100,200,20,0.5,0,0,0,,0,0,0,0,0,0,0,0,0
Pulso,100,200,20,1,0,0,0,,0,0,0,0,0,0,0,0,0
Tamaño,3,150,10,1,30,30,1,184.2639641,300,300,300000000000,2091890489,2091.890489,41.83780978,104.5945244,73.21616711,6.972968296
Tamaño,3,150,15,1,30,30,1,184.2639641,450,450,450000000000,3137835733,3137.835733,62.75671467,156.8917867,109.8242507,6.972968296
Tamaño,3,150,20,1,30,30,1,184.2639641,600,600,600000000000,4183780978,4183.780978,83.67561955,209.1890489,146.4323342,6.972968296
Tamaño,3,150,10,0.5,30,30,1,184.2639641,300,150,150000000000,1045945244,1045.945244,20.91890489,52.29726222,36.60808356,3.486484148
Tamaño,3,150,15,0.5,30,30,1,184.2639641,450,225,225000000000,1568917867,1568.917867,31.37835733,78.44589333,54.91212533,3.486484148
Tamaño,3,150,20,0.5,30,30,1,184.2639641,600,300,300000000000,2091890489,2091.890489,41.83780978,104.5945244,73.21616711,3.486484148
R,3,180,10,1,30,30,1,184.2639641,300,300,300000000000,2091890489,2091.890489,41.83780978,104.5945244,73.21616711,6.972968296
R,3,180,15,1,30,30,1,184.2639641,450,450,450000000000,3137835733,3137.835733,62.75671467,156.8917867,109.8242507,6.972968296
R,3,180,20,1,30,30,1,184.2639641,600,600,600000000000,4183780978,4183.780978,83.67561955,209.1890489,146.4323342,6.972968296
R,3,180,10,0.5,30,30,1,184.2639641,300,150,150000000000,1045945244,1045.945244,20.91890489,52.29726222,36.60808356,3.486484148
R,3,180,15,0.5,30,30,1,184.2639641,450,225,225000000000,1568917867,1568.917867,31.37835733,78.44589333,54.91212533,3.486484148
R,3,180,20,0.5,30,30,1,184.2639641,600,300,300000000000,2091890489,2091.890489,41.83780978,104.5945244,73.21616711,3.486484148
Tamaño,4,150,10,1,30,30,1,188.325962,300,300,300000000000,2225544995,2225.544995,44.5108999,111.2772498,77.89407483,7.418483317
Tamaño,4,150,15,1,30,30,1,188.325962,450,450,450000000000,3338317493,3338.317493,66.76634985,166.9158746,116.8411122,7.418483317
Tamaño,4,150,20,1,30,30,1,188.325962,600,600,600000000000,4451089990,4451.08999,89.0217998,222.5544995,155.7881497,7.418483317
Tamaño,4,150,10,0.5,30,30,1,188.325962,300,150,150000000000,1112772498,1112.772498,22.25544995,55.63862488,38.94703741,3.709241658
Tamaño,4,150,15,0.5,30,30,1,188.325962,450,225,225000000000,1669158746,1669.158746,33.38317493,83.45793731,58.42055612,3.709241658
Tamaño,4,150,20,0.5,30,30,1,188.325962,600,300,300000000000,2225544995,2225.544995,44.5108999,111.2772498,77.89407483,3.709241658
Tamaño,5,150,10,1,30,30,1,192.6328171,300,300,300000000000,2371528537,2371.528537,47.43057073,118.5764268,83.00349878,7.905095122
Tamaño,5,150,20,1,30,30,1,192.6328171,600,600,600000000000,4743057073,4743.057073,94.86114147,237.1528537,166.0069976,7.905095122
Tamaño,5,150,15,1,30,30,1,192.6328171,450,450,450000000000,3557292805,3557.292805,71.1458561,177.8646402,124.5052482,7.905095122
Tamaño,5,150,10,0.5,30,30,1,192.6328171,300,150,150000000000,1185764268,1185.764268,23.71528537,59.28821342,41.50174939,3.952547561
Tamaño,5,150,15,0.5,30,30,1,192.6328171,450,225,225000000000,1778646402,1778.646402,35.57292805,88.93232012,62.25262409,3.952547561
Tamaño,5,150,20,0.5,30,30,1,192.6328171,600,300,300000000000,2371528537,2371.528537,47.43057073,118.5764268,83.00349878,3.952547561
R,4,180,10,1,30,30,1,188.325962,300,300,300000000000,2225544995,2225.544995,44.5108999,111.2772498,77.89407483,7.418483317
R,4,180,15,1,30,30,1,188.325962,450,450,450000000000,3338317493,3338.317493,66.76634985,166.9158746,116.8411122,7.418483317
R,4,180,20,1,30,30,1,188.325962,600,600,600000000000,4451089990,4451.08999,89.0217998,222.5544995,155.7881497,7.418483317
R,4,180,10,0.5,30,30,1,188.325962,300,150,150000000000,1112772498,1112.772498,22.25544995,55.63862488,38.94703741,3.709241658
R,4,180,15,0.5,30,30,1,188.325962,450,225,225000000000,1669158746,1669.158746,33.38317493,83.45793731,58.42055612,3.709241658
R,4,180,20,0.5,30,30,1,188.325962,600,300,300000000000,2225544995,2225.544995,44.5108999,111.2772498,77.89407483,3.709241658
Tamaño,6,150,10,1,30,30,1,196.6101208,300,300,300000000000,2510247238,2510.247238,50.20494475,125.5123619,87.85865332,8.367490792
Tamaño,6,150,15,1,30,30,1,196.6101208,450,450,450000000000,3765370856,3765.370856,75.30741713,188.2685428,131.78798,8.367490792
Tamaño,6,150,20,1,30,30,1,196.6101208,600,600,600000000000,5020494475,5020.494475,100.4098895,251.0247238,175.7173066,8.367490792
Tamaño,6,150,10,0.5,30,30,1,196.6101208,300,150,150000000000,1255123619,1255.123619,25.10247238,62.75618094,43.92932666,4.183745396
Tamaño,6,150,15,0.5,30,30,1,196.6101208,450,225,225000000000,1882685428,1882.685428,37.65370856,94.13427141,65.89398999,4.183745396
Tamaño,6,150,20,0.5,30,30,1,196.6101208,600,300,300000000000,2510247238,2510.247238,50.20494475,125.5123619,87.85865332,4.183745396
Tamaño,7,150,10,1,30,30,1,202.1396926,300,300,300000000000,2709336448,2709.336448,54.18672896,135.4668224,94.82677569,9.031121494
Tamaño,7,150,20,1,30,30,1,202.1396926,600,600,600000000000,5418672896,5418.672896,108.3734579,270.9336448,189.6535514,9.031121494
Tamaño,7,150,15,1,30,30,1,202.1396926,450,450,450000000000,4064004672,4064.004672,81.28009345,203.2002336,142.2401635,9.031121494
Tamaño,7,150,10,0.5,30,30,1,202.1396926,300,150,150000000000,1354668224,1354.668224,27.09336448,67.73341121,47.41338784,4.515560747
Tamaño,7,150,15,0.5,30,30,1,202.1396926,450,225,225000000000,2032002336,2032.002336,40.64004672,101.6001168,71.12008177,4.515560747
Tamaño,7,150,20,0.5,30,30,1,202.1396926,600,300,300000000000,2709336448,2709.336448,54.18672896,135.4668224,94.82677569,4.515560747
R,5,180,10,1,30,30,1,192.6328171,300,300,300000000000,2371528537,2371.528537,47.43057073,118.5764268,83.00349878,7.905095122
R,5,180,20,1,30,30,1,192.6328171,600,600,600000000000,4743057073,4743.057073,94.86114147,237.1528537,166.0069976,7.905095122
R,5,180,15,1,30,30,1,192.6328171,450,450,450000000000,3557292805,3557.292805,71.1458561,177.8646402,124.5052482,7.905095122
R,5,180,10,0.5,30,30,1,192.6328171,300,150,150000000000,1185764268,1185.764268,23.71528537,59.28821342,41.50174939,3.952547561
R,5,180,15,0.5,30,30,1,192.6328171,450,225,225000000000,1778646402,1778.646402,35.57292805,88.93232012,62.25262409,3.952547561
R,5,180,20,0.5,30,30,1,192.6328171,600,300,300000000000,2371528537,2371.528537,47.43057073,118.5764268,83.00349878,3.952547561
Tamaño,7,200,10,1,19.9218,9.9609,2,210.2736058,199.218,199.218,199218000000,2002384643,2002.384643,40.04769286,100.1192321,70.0834625,10.0512235
Tamaño,7,200,15,1,19.9218,9.9609,2,210.2736058,298.827,298.827,298827000000,3003576964,3003.576964,60.07153929,150.1788482,105.1251938,10.0512235
Tamaño,7,200,20,1,19.9218,9.9609,2,210.2736058,398.436,398.436,398436000000,4004769286,4004.769286,80.09538572,200.2384643,140.166925,10.0512235
Tamaño,6,200,10,1,16.1718,8.0859,2,202.3637109,161.718,161.718,161718000000,1464925134,1464.925134,29.29850269,73.24625672,51.27237971,9.058516272
Tamaño,6,200,15,1,16.1718,8.0859,2,202.3637109,242.577,242.577,242577000000,2197387702,2197.387702,43.94775403,109.8693851,76.90856956,9.058516272
Tamaño,6,200,20,1,16.1718,8.0859,2,202.3637109,323.436,323.436,323436000000,2929850269,2929.850269,58.59700538,146.4925134,102.5447594,9.058516272
Tamaño,7,200,10,0.5,19.9218,9.9609,2,210.2736058,199.218,99.609,99609000000,1001192321,1001.192321,20.02384643,50.05961607,35.04173125,5.025611749
Tamaño,7,200,15,0.5,19.9218,9.9609,2,210.2736058,298.827,149.4135,149413500000,1501788482,1501.788482,30.03576964,75.08942411,52.56259688,5.025611749
Tamaño,7,200,20,0.5,19.9218,9.9609,2,210.2736058,398.436,199.218,199218000000,2002384643,2002.384643,40.04769286,100.1192321,70.0834625,5.025611749
Tamaño,6,200,10,0.5,16.1718,8.0859,2,202.3637109,161.718,80.859,80859000000,732462567.2,732.4625672,14.64925134,36.62312836,25.63618985,4.529258136
Tamaño,6,200,15,0.5,16.1718,8.0859,2,202.3637109,242.577,121.2885,121288500000,1098693851,1098.693851,21.97387702,54.93469254,38.45428478,4.529258136
Tamaño,6,200,20,0.5,16.1718,8.0859,2,202.3637109,323.436,161.718,161718000000,1464925134,1464.925134,29.29850269,73.24625672,51.27237971,4.529258136
R,6,180,10,1,30,30,1,196.6101208,300,300,300000000000,2510247238,2510.247238,50.20494475,125.5123619,87.85865332,8.367490792
R,6,180,15,1,30,30,1,196.6101208,450,450,450000000000,3765370856,3765.370856,75.30741713,188.2685428,131.78798,8.367490792
R,6,180,20,1,30,30,1,196.6101208,600,600,600000000000,5020494475,5020.494475,100.4098895,251.0247238,175.7173066,8.367490792
R,6,180,10,0.5,30,30,1,196.6101208,300,150,150000000000,1255123619,1255.123619,25.10247238,62.75618094,43.92932666,4.183745396
R,6,180,15,0.5,30,30,1,196.6101208,450,225,225000000000,1882685428,1882.685428,37.65370856,94.13427141,65.89398999,4.183745396
R,6,180,20,0.5,30,30,1,196.6101208,600,300,300000000000,2510247238,2510.247238,50.20494475,125.5123619,87.85865332,4.183745396
Tamaño,3,200,10,0.5,0,0,0,,0,0,0,0,0,0,0,0,0
Tamaño,3,200,10,1,0,0,0,,0,0,0,0,0,0,0,0,0
Tamaño,3,200,15,0.5,0,0,0,,0,0,0,0,0,0,0,0,0
Tamaño,3,200,15,1,0,0,0,,0,0,0,0,0,0,0,0,0
Tamaño,3,200,20,0.5,0,0,0,,0,0,0,0,0,0,0,0,0
Tamaño,3,200,20,1,0,0,0,,0,0,0,0,0,0,0,0,0
Tamaño,4,200,10,0.5,0,0,0,,0,0,0,0,0,0,0,0,0
Tamaño,4,200,10,1,0,0,0,,0,0,0,0,0,0,0,0,0
Tamaño,4,200,15,0.5,0,0,0,,0,0,0,0,0,0,0,0,0
Tamaño,4,200,15,1,0,0,0,,0,0,0,0,0,0,0,0,0
Tamaño,4,200,20,0.5,0,0,0,,0,0,0,0,0,0,0,0,0
Tamaño,4,200,20,1,0,0,0,,0,0,0,0,0,0,0,0,0
R,7,180,10,1,26.4844,13.2422,2,205.3529059,264.844,264.844,264844000000,2496910675,2496.910675,49.93821351,124.8455338,87.39187364,9.427854418
R,7,180,15,1,26.4844,13.2422,2,205.3529059,397.266,397.266,397266000000,3745366013,3745.366013,74.90732026,187.2683007,131.0878105,9.427854418
R,7,180,20,1,26.4844,13.2422,2,205.3529059,529.688,529.688,529688000000,4993821351,4993.821351,99.87642702,249.6910675,174.7837473,9.427854418
R,7,180,10,0.5,26.4844,13.2422,2,205.3529059,264.844,132.422,132422000000,1248455338,1248.455338,24.96910675,62.42276689,43.69593682,4.713927209
R,7,180,15,0.5,26.4844,13.2422,2,205.3529059,397.266,198.633,198633000000,1872683007,1872.683007,37.45366013,93.63415033,65.54390523,4.713927209
R,7,180,20,0.5,26.4844,13.2422,2,205.3529059,529.688,264.844,264844000000,2496910675,2496.910675,49.93821351,124.8455338,87.39187364,4.713927209
Tamaño,5,200,10,0.5,0,0,0,,0,0,0,0,0,0,0,0,0
Tamaño,5,200,10,1,0,0,0,,0,0,0,0,0,0,0,0,0
Tamaño,5,200,15,0.5,0,0,0,,0,0,0,0,0,0,0,0,0
Tamaño,5,200,15,1,0,0,0,,0,0,0,0,0,0,0,0,0
Tamaño,5,200,20,0.5,0,0,0,,0,0,0,0,0,0,0,0,0
Tamaño,5,200,20,1,0,0,0,,0,0,0,0,0,0,0,0,0
Temperatura,700,150,10,1,30,30,1,185.8090519,300,300,300000000000,2142268540,2142.26854,42.84537081,107.113427,74.97939892,7.140895135
Temperatura,700,150,20,1,30,30,1,185.8090519,600,600,600000000000,4284537081,4284.537081,85.69074162,214.226854,149.9587978,7.140895135
Temperatura,700,150,15,1,30,30,1,185.8090519,450,450,450000000000,3213402811,3213.402811,64.26805621,160.6701405,112.4690984,7.140895135
Temperatura,700,150,10,0.5,30,30,1,185.8090519,300,150,150000000000,1071134270,1071.13427,21.4226854,53.55671351,37.48969946,3.570447567
Temperatura,700,150,20,0.5,30,30,1,185.8090519,600,300,300000000000,2142268540,2142.26854,42.84537081,107.113427,74.97939892,3.570447567
Temperatura,700,150,15,0.5,30,30,1,185.8090519,450,225,225000000000,1606701405,1606.701405,32.13402811,80.33507027,56.23454919,3.570447567
Temperatura,700,180,10,1,30,30,1,185.8090519,300,300,300000000000,2142268540,2142.26854,42.84537081,107.113427,74.97939892,7.140895135
Temperatura,700,180,20,1,30,30,1,185.8090519,600,600,600000000000,4284537081,4284.537081,85.69074162,214.226854,149.9587978,7.140895135
Temperatura,700,180,15,1,30,30,1,185.8090519,450,450,450000000000,3213402811,3213.402811,64.26805621,160.6701405,112.4690984,7.140895135
Temperatura,700,180,10,0.5,30,30,1,185.8090519,300,150,150000000000,1071134270,1071.13427,21.4226854,53.55671351,37.48969946,3.570447567
Temperatura,700,180,20,0.5,30,30,1,185.8090519,600,300,300000000000,2142268540,2142.26854,42.84537081,107.113427,74.97939892,3.570447567
Temperatura,700,180,15,0.5,30,30,1,185.8090519,450,225,225000000000,1606701405,1606.701405,32.13402811,80.33507027,56.23454919,3.570447567
Temperatura,750,150,10,1,30,30,1,186.6479544,300,300,300000000000,2169858264,2169.858264,43.39716528,108.4929132,75.94503925,7.232860881
Temperatura,750,150,15,1,30,30,1,186.6479544,450,450,450000000000,3254787396,3254.787396,65.09574793,162.7393698,113.9175589,7.232860881
Temperatura,750,150,20,1,30,30,1,186.6479544,600,600,600000000000,4339716528,4339.716528,86.79433057,216.9858264,151.8900785,7.232860881
Temperatura,750,150,10,0.5,30,30,1,186.6479544,300,150,150000000000,1084929132,1084.929132,21.69858264,54.24645661,37.97251962,3.61643044
Temperatura,750,150,15,0.5,30,30,1,186.6479544,450,225,225000000000,1627393698,1627.393698,32.54787396,81.36968491,56.95877944,3.61643044
Temperatura,750,150,20,0.5,30,30,1,186.6479544,600,300,300000000000,2169858264,2169.858264,43.39716528,108.4929132,75.94503925,3.61643044
Temperatura,800,150,10,1,30,30,1,187.4868274,300,300,300000000000,2197613852,2197.613852,43.95227703,109.8806926,76.9164848,7.325379505
Temperatura,800,150,15,1,30,30,1,187.4868274,450,450,450000000000,3296420777,3296.420777,65.92841555,164.8210389,115.3747272,7.325379505
Temperatura,800,150,20,1,30,30,1,187.4868274,600,600,600000000000,4395227703,4395.227703,87.90455406,219.7613852,153.8329696,7.325379505
Temperatura,800,150,10,0.5,30,30,1,187.4868274,300,150,150000000000,1098806926,1098.806926,21.97613852,54.94034629,38.4582424,3.662689753
Temperatura,800,150,15,0.5,30,30,1,187.4868274,450,225,225000000000,1648210389,1648.210389,32.96420777,82.41051943,57.6873636,3.662689753
Temperatura,800,150,20,0.5,30,30,1,187.4868274,600,300,300000000000,2197613852,2197.613852,43.95227703,109.8806926,76.9164848,3.662689753
Temperatura,750,180,10,1,30,30,1,186.6479544,300,300,300000000000,2169858264,2169.858264,43.39716528,108.4929132,75.94503925,7.232860881
Temperatura,750,180,15,1,30,30,1,186.6479544,450,450,450000000000,3254787396,3254.787396,65.09574793,162.7393698,113.9175589,7.232860881
Temperatura,750,180,20,1,30,30,1,186.6479544,600,600,600000000000,4339716528,4339.716528,86.79433057,216.9858264,151.8900785,7.232860881
Temperatura,750,180,10,0.5,30,30,1,186.6479544,300,150,150000000000,1084929132,1084.929132,21.69858264,54.24645661,37.97251962,3.61643044
Temperatura,750,180,15,0.5,30,30,1,186.6479544,450,225,225000000000,1627393698,1627.393698,32.54787396,81.36968491,56.95877944,3.61643044
Temperatura,750,180,20,0.5,30,30,1,186.6479544,600,300,300000000000,2169858264,2169.858264,43.39716528,108.4929132,75.94503925,3.61643044
Temperatura,850,150,10,1,30,30,1,188.325962,300,300,300000000000,2225544995,2225.544995,44.5108999,111.2772498,77.89407483,7.418483317
Temperatura,850,150,15,1,30,30,1,188.325962,450,450,450000000000,3338317493,3338.317493,66.76634985,166.9158746,116.8411122,7.418483317
Temperatura,850,150,20,1,30,30,1,188.325962,600,600,600000000000,4451089990,4451.08999,89.0217998,222.5544995,155.7881497,7.418483317
Temperatura,850,150,10,0.5,30,30,1,188.325962,300,150,150000000000,1112772498,1112.772498,22.25544995,55.63862488,38.94703741,3.709241658
Temperatura,850,150,15,0.5,30,30,1,188.325962,450,225,225000000000,1669158746,1669.158746,33.38317493,83.45793731,58.42055612,3.709241658
Temperatura,850,150,20,0.5,30,30,1,188.325962,600,300,300000000000,2225544995,2225.544995,44.5108999,111.2772498,77.89407483,3.709241658
Temperatura,900,150,10,1,30,30,1,189.1649976,300,300,300000000000,2253639743,2253.639743,45.07279487,112.6819872,78.87739102,7.512132478
Temperatura,900,150,15,1,30,30,1,189.1649976,450,450,450000000000,3380459615,3380.459615,67.6091923,169.0229808,118.3160865,7.512132478
Temperatura,900,150,20,1,30,30,1,189.1649976,600,600,600000000000,4507279487,4507.279487,90.14558974,225.3639743,157.754782,7.512132478
Temperatura,900,150,10,0.5,30,30,1,189.1649976,300,150,150000000000,1126819872,1126.819872,22.53639743,56.34099359,39.43869551,3.756066239
Temperatura,900,150,15,0.5,30,30,1,189.1649976,450,225,225000000000,1690229808,1690.229808,33.80459615,84.51149038,59.15804327,3.756066239
Temperatura,900,150,20,0.5,30,30,1,189.1649976,600,300,300000000000,2253639743,2253.639743,45.07279487,112.6819872,78.87739102,3.756066239
Temperatura,800,180,10,1,30,30,1,187.4868274,300,300,300000000000,2197613852,2197.613852,43.95227703,109.8806926,76.9164848,7.325379505
Temperatura,800,180,15,1,30,30,1,187.4868274,450,450,450000000000,3296420777,3296.420777,65.92841555,164.8210389,115.3747272,7.325379505
Temperatura,800,180,20,1,30,30,1,187.4868274,600,600,600000000000,4395227703,4395.227703,87.90455406,219.7613852,153.8329696,7.325379505
Temperatura,800,180,10,0.5,30,30,1,187.4868274,300,150,150000000000,1098806926,1098.806926,21.97613852,54.94034629,38.4582424,3.662689753
Temperatura,800,180,15,0.5,30,30,1,187.4868274,450,225,225000000000,1648210389,1648.210389,32.96420777,82.41051943,57.6873636,3.662689753
Temperatura,800,180,20,0.5,30,30,1,187.4868274,600,300,300000000000,2197613852,2197.613852,43.95227703,109.8806926,76.9164848,3.662689753
Temperatura,950,150,10,1,30,30,1,190.0042295,300,300,300000000000,2281908012,2281.908012,45.63816024,114.0954006,79.86678042,7.60636004
Temperatura,950,150,15,1,30,30,1,190.0042295,450,450,450000000000,3422862018,3422.862018,68.45724036,171.1431009,119.8001706,7.60636004
Temperatura,950,150,20,1,30,30,1,190.0042295,600,600,600000000000,4563816024,4563.816024,91.27632048,228.1908012,159.7335608,7.60636004
Temperatura,950,150,10,0.5,30,30,1,190.0042295,300,150,150000000000,1140954006,1140.954006,22.81908012,57.0477003,39.93339021,3.80318002
Temperatura,950,150,15,0.5,30,30,1,190.0042295,450,225,225000000000,1711431009,1711.431009,34.22862018,85.57155045,59.90008531,3.80318002
Temperatura,950,150,20,0.5,30,30,1,190.0042295,600,300,300000000000,2281908012,2281.908012,45.63816024,114.0954006,79.86678042,3.80318002
Temperatura,700,200,10,0.5,0,0,0,,0,0,0,0,0,0,0,0,0
Temperatura,700,200,10,1,0,0,0,,0,0,0,0,0,0,0,0,0
Temperatura,700,200,15,0.5,0,0,0,,0,0,0,0,0,0,0,0,0
Temperatura,700,200,15,1,0,0,0,,0,0,0,0,0,0,0,0,0
Temperatura,700,200,20,0.5,0,0,0,,0,0,0,0,0,0,0,0,0
Temperatura,700,200,20,1,0,0,0,,0,0,0,0,0,0,0,0,0
Temperatura,850,180,10,1,30,30,1,188.325962,300,300,300000000000,2225544995,2225.544995,44.5108999,111.2772498,77.89407483,7.418483317
Temperatura,850,180,15,1,30,30,1,188.325962,450,450,450000000000,3338317493,3338.317493,66.76634985,166.9158746,116.8411122,7.418483317
Temperatura,850,180,20,1,30,30,1,188.325962,600,600,600000000000,4451089990,4451.08999,89.0217998,222.5544995,155.7881497,7.418483317
Temperatura,850,180,10,0.5,30,30,1,188.325962,300,150,150000000000,1112772498,1112.772498,22.25544995,55.63862488,38.94703741,3.709241658
Temperatura,850,180,15,0.5,30,30,1,188.325962,450,225,225000000000,1669158746,1669.158746,33.38317493,83.45793731,58.42055612,3.709241658
Temperatura,850,180,20,0.5,30,30,1,188.325962,600,300,300000000000,2225544995,2225.544995,44.5108999,111.2772498,77.89407483,3.709241658
Temperatura,750,200,10,0.5,0,0,0,,0,0,0,0,0,0,0,0,0
Temperatura,750,200,10,1,0,0,0,,0,0,0,0,0,0,0,0,0
Temperatura,750,200,15,0.5,0,0,0,,0,0,0,0,0,0,0,0,0
Temperatura,750,200,15,1,0,0,0,,0,0,0,0,0,0,0,0,0
Temperatura,750,200,20,0.5,0,0,0,,0,0,0,0,0,0,0,0,0
Temperatura,750,200,20,1,0,0,0,,0,0,0,0,0,0,0,0,0
Temperatura,800,200,10,0.5,0,0,0,,0,0,0,0,0,0,0,0,0
Temperatura,800,200,10,1,0,0,0,,0,0,0,0,0,0,0,0,0
Temperatura,800,200,15,0.5,0,0,0,,0,0,0,0,0,0,0,0,0
Temperatura,800,200,15,1,0,0,0,,0,0,0,0,0,0,0,0,0
Temperatura,800,200,20,0.5,0,0,0,,0,0,0,0,0,0,0,0,0
Temperatura,800,200,20,1,0,0,0,,0,0,0,0,0,0,0,0,0
Temperatura,900,180,10,1,30,30,1,189.1649976,300,300,300000000000,2253639743,2253.639743,45.07279487,112.6819872,78.87739102,7.512132478
Temperatura,900,180,15,1,30,30,1,189.1649976,450,450,450000000000,3380459615,3380.459615,67.6091923,169.0229808,118.3160865,7.512132478
Temperatura,900,180,20,1,30,30,1,189.1649976,600,600,600000000000,4507279487,4507.279487,90.14558974,225.3639743,157.754782,7.512132478
Temperatura,900,180,10,0.5,30,30,1,189.1649976,300,150,150000000000,1126819872,1126.819872,22.53639743,56.34099359,39.43869551,3.756066239
Temperatura,900,180,15,0.5,30,30,1,189.1649976,450,225,225000000000,1690229808,1690.229808,33.80459615,84.51149038,59.15804327,3.756066239
Temperatura,900,180,20,0.5,30,30,1,189.1649976,600,300,300000000000,2253639743,2253.639743,45.07279487,112.6819872,78.87739102,3.756066239
Temperatura,850,200,10,0.5,0,0,0,,0,0,0,0,0,0,0,0,0
Temperatura,850,200,10,1,0,0,0,,0,0,0,0,0,0,0,0,0
Temperatura,850,200,15,0.5,0,0,0,,0,0,0,0,0,0,0,0,0
Temperatura,850,200,15,1,0,0,0,,0,0,0,0,0,0,0,0,0
Temperatura,850,200,20,0.5,0,0,0,,0,0,0,0,0,0,0,0,0
Temperatura,850,200,20,1,0,0,0,,0,0,0,0,0,0,0,0,0
Temperatura,900,200,10,0.5,0,0,0,,0,0,0,0,0,0,0,0,0
Temperatura,900,200,10,1,0,0,0,,0,0,0,0,0,0,0,0,0
Temperatura,900,200,15,0.5,0,0,0,,0,0,0,0,0,0,0,0,0
Temperatura,900,200,15,1,0,0,0,,0,0,0,0,0,0,0,0,0
Temperatura,900,200,20,0.5,0,0,0,,0,0,0,0,0,0,0,0,0
Temperatura,900,200,20,1,0,0,0,,0,0,0,0,0,0,0,0,0
Temperatura,950,180,10,1,30,30,1,190.0042295,300,300,300000000000,2281908012,2281.908012,45.63816024,114.0954006,79.86678042,7.60636004
Temperatura,950,180,15,1,30,30,1,190.0042295,450,450,450000000000,3422862018,3422.862018,68.45724036,171.1431009,119.8001706,7.60636004
Temperatura,950,180,20,1,30,30,1,190.0042295,600,600,600000000000,4563816024,4563.816024,91.27632048,228.1908012,159.7335608,7.60636004
Temperatura,950,180,10,0.5,30,30,1,190.0042295,300,150,150000000000,1140954006,1140.954006,22.81908012,57.0477003,39.93339021,3.80318002
Temperatura,950,180,15,0.5,30,30,1,190.0042295,450,225,225000000000,1711431009,1711.431009,34.22862018,85.57155045,59.90008531,3.80318002
Temperatura,950,180,20,0.5,30,30,1,190.0042295,600,300,300000000000,2281908012,2281.908012,45.63816024,114.0954006,79.86678042,3.80318002
Temperatura,950,200,10,0.5,0,0,0,,0,0,0,0,0,0,0,0,0
Temperatura,950,200,10,1,0,0,0,,0,0,0,0,0,0,0,0,0
Temperatura,950,200,15,0.5,0,0,0,,0,0,0,0,0,0,0,0,0
Temperatura,950,200,15,1,0,0,0,,0,0,0,0,0,0,0,0,0
Temperatura,950,200,20,0.5,0,0,0,,0,0,0,0,0,0,0,0,0
Temperatura,950,200,20,1,0,0,0,,0,0,0,0,0,0,0,0,0